,Amsterdam,Athens,Atlanta,Auckland,Bangalore,Bangkok,Barcelona,Beijing,Berlin,Bogota,Boston,Brisbane,Brussels,Bucharest,Budapest,Buenos Aires,Chengdu,Chicago,Copenhagen,Dallas,Denver,Dubai,Dublin,Frankfurt,Geneva,Guangzhou,Hamburg,Hong Kong,Houston,Istanbul,Jakarta,Johannesburg,Kuala Lumpur,Lima,Lisbon,London,Los Angeles,Luxembourg,Madrid,Manila,Melbourne,Mexico City,Miami,Milan,Montreal,Moscow,Mumbai,Munich,Nairobi,New Delhi,New York,Oslo,Paris,Perth,Prague,Rome,San Francisco,Sao Paulo,Santiago,Sydney,Seoul,Shanghai,Shenzhen,Singapore,Stockholm,Taipei,Tel Aviv,Tianjin,Tokyo,Toronto,Vancouver,Vienna,Warsaw,Washington,Zurich
Amsterdam,1.0,0.0,0.005,0.02,0.0,0.0,0.005,0.0,0.005,0.005,0.01,0.005,0.055,0.005,0.01,0.005,0.0,0.015,0.03,0.005,0.0,0.0,0.025,0.01,0.01,0.0,0.05,0.005,0.005,0.01,0.0,0.005,0.0,0.0,0.005,0.035,0.005,0.01,0.01,0.0,0.005,0.0,0.005,0.01,0.025,0.02,0.0,0.01,0.0,0.0,0.025,0.02,0.005,0.0,0.01,0.0,0.01,0.0,0.0,0.01,0.005,0.0,0.0,0.01,0.015,0.005,0.0,0.0,0.035,0.01,0.02,0.01,0.005,0.015,0.015
Athens,0.0,1.0,0.0,0.0,0.0,0.01,0.02,0.0,0.0,0.01,0.0,0.0,0.0,0.015,0.005,0.02,0.0,0.0,0.0,0.0,0.0,0.005,0.0,0.0,0.045,0.0,0.0,0.01,0.0,0.02,0.01,0.0,0.005,0.025,0.015,0.0,0.005,0.005,0.0,0.01,0.0,0.0,0.005,0.005,0.0,0.01,0.0,0.0,0.0,0.0,0.0,0.0,0.015,0.0,0.005,0.015,0.01,0.01,0.005,0.005,0.02,0.0,0.0,0.01,0.005,0.0,0.065,0.0,0.02,0.0,0.0,0.005,0.005,0.0,0.02
Atlanta,0.005,0.0,1.0,0.005,0.0,0.0,0.005,0.0,0.0,0.005,0.045,0.015,0.0,0.0,0.0,0.015,0.0,0.02,0.0,0.06,0.05,0.0,0.0,0.0,0.0,0.0,0.0,0.005,0.05,0.0,0.0,0.015,0.005,0.0,0.0,0.005,0.01,0.0,0.005,0.0,0.01,0.0,0.015,0.0,0.015,0.005,0.0,0.0,0.0,0.0,0.015,0.005,0.0,0.015,0.0,0.0,0.005,0.005,0.005,0.01,0.0,0.0,0.0,0.005,0.005,0.0,0.005,0.0,0.02,0.02,0.01,0.0,0.0,0.025,0.0
Auckland,0.02,0.0,0.005,1.0,0.0,0.01,0.0,0.0,0.0,0.0,0.015,0.085,0.01,0.005,0.005,0.0,0.0,0.0,0.02,0.005,0.015,0.0,0.03,0.005,0.0,0.0,0.005,0.005,0.02,0.015,0.005,0.015,0.01,0.0,0.01,0.0,0.025,0.015,0.005,0.0,0.045,0.0,0.02,0.005,0.015,0.01,0.0,0.005,0.0,0.0,0.005,0.03,0.0,0.04,0.005,0.0,0.03,0.005,0.005,0.03,0.005,0.0,0.0,0.015,0.01,0.005,0.0,0.0,0.025,0.01,0.045,0.01,0.005,0.005,0.01
Bangalore,0.0,0.0,0.0,0.0,1.0,0.0,0.0,0.0,0.0,0.0,0.0,0.0,0.0,0.0,0.0,0.0,0.0,0.0,0.0,0.0,0.0,0.0,0.0,0.0,0.0,0.0,0.0,0.0,0.0,0.0,0.0,0.0,0.0,0.0,0.0,0.0,0.0,0.0,0.0,0.0,0.0,0.0,0.0,0.0,0.0,0.0,0.17,0.0,0.0,0.195,0.0,0.0,0.0,0.0,0.0,0.0,0.0,0.0,0.0,0.0,0.0,0.0,0.0,0.0,0.0,0.0,0.0,0.0,0.0,0.0,0.0,0.0,0.0,0.0,0.0
Bangkok,0.0,0.01,0.0,0.01,0.0,1.0,0.005,0.0,0.0,0.005,0.0,0.005,0.0,0.01,0.0,0.01,0.0,0.0,0.0,0.005,0.0,0.01,0.005,0.0,0.0,0.005,0.005,0.025,0.005,0.015,0.135,0.005,0.07,0.01,0.005,0.0,0.005,0.0,0.0,0.135,0.005,0.02,0.01,0.005,0.0,0.005,0.0,0.0,0.02,0.0,0.0,0.0,0.0,0.005,0.0,0.005,0.005,0.05,0.02,0.005,0.01,0.005,0.005,0.04,0.0,0.055,0.005,0.0,0.015,0.0,0.005,0.0,0.005,0.005,0.0
Barcelona,0.005,0.02,0.005,0.0,0.0,0.005,1.0,0.0,0.01,0.015,0.01,0.005,0.01,0.005,0.02,0.04,0.0,0.02,0.0,0.005,0.005,0.0,0.0,0.01,0.005,0.0,0.01,0.015,0.005,0.015,0.0,0.015,0.005,0.005,0.015,0.005,0.015,0.0,0.08,0.0,0.0,0.01,0.01,0.035,0.01,0.015,0.0,0.005,0.01,0.0,0.02,0.005,0.025,0.0,0.005,0.06,0.005,0.015,0.01,0.01,0.005,0.0,0.0,0.005,0.01,0.005,0.015,0.0,0.04,0.0,0.0,0.005,0.005,0.005,0.01
Beijing,0.0,0.0,0.0,0.0,0.0,0.0,0.0,1.0,0.0,0.0,0.0,0.0,0.0,0.0,0.0,0.0,0.07,0.0,0.0,0.0,0.0,0.0,0.0,0.0,0.0,0.08,0.0,0.0,0.0,0.0,0.0,0.0,0.0,0.0,0.0,0.0,0.0,0.0,0.0,0.0,0.0,0.0,0.0,0.0,0.0,0.0,0.0,0.0,0.0,0.0,0.0,0.0,0.0,0.0,0.0,0.0,0.0,0.0,0.0,0.0,0.0,0.135,0.05,0.0,0.0,0.005,0.0,0.2,0.005,0.0,0.0,0.0,0.0,0.0,0.0
Berlin,0.005,0.0,0.0,0.0,0.0,0.0,0.01,0.0,1.0,0.0,0.0,0.0,0.015,0.015,0.025,0.005,0.0,0.0,0.015,0.0,0.0,0.0,0.0,0.05,0.0,0.0,0.045,0.0,0.0,0.01,0.0,0.0,0.0,0.0,0.01,0.005,0.0,0.015,0.015,0.0,0.0,0.0,0.0,0.005,0.005,0.03,0.0,0.07,0.0,0.0,0.005,0.02,0.025,0.0,0.035,0.0,0.0,0.0,0.0,0.0,0.0,0.0,0.0,0.005,0.03,0.005,0.005,0.0,0.015,0.0,0.0,0.035,0.03,0.005,0.01
Bogota,0.005,0.01,0.005,0.0,0.0,0.005,0.015,0.0,0.0,1.0,0.005,0.0,0.005,0.005,0.0,0.015,0.0,0.01,0.005,0.005,0.0,0.025,0.0,0.0,0.005,0.0,0.005,0.005,0.0,0.02,0.005,0.015,0.015,0.105,0.005,0.005,0.005,0.0,0.025,0.0,0.01,0.035,0.005,0.01,0.01,0.005,0.0,0.0,0.015,0.0,0.015,0.005,0.005,0.0,0.005,0.005,0.005,0.02,0.01,0.005,0.01,0.0,0.0,0.01,0.0,0.0,0.005,0.0,0.005,0.005,0.0,0.0,0.005,0.01,0.005
Boston,0.01,0.0,0.045,0.015,0.0,0.0,0.01,0.0,0.0,0.005,1.0,0.015,0.01,0.0,0.005,0.005,0.0,0.055,0.005,0.01,0.02,0.0,0.01,0.0,0.0,0.0,0.01,0.005,0.025,0.01,0.0,0.0,0.0,0.0,0.0,0.005,0.01,0.0,0.005,0.0,0.005,0.0,0.0,0.0,0.02,0.01,0.0,0.005,0.0,0.0,0.09,0.015,0.0,0.01,0.0,0.0,0.035,0.0,0.0,0.005,0.005,0.0,0.0,0.0,0.01,0.0,0.0,0.0,0.015,0.025,0.035,0.005,0.005,0.05,0.005
Brisbane,0.005,0.0,0.015,0.085,0.0,0.005,0.005,0.0,0.0,0.0,0.015,1.0,0.0,0.0,0.0,0.005,0.0,0.0,0.0,0.025,0.015,0.0,0.005,0.0,0.0,0.0,0.0,0.0,0.03,0.005,0.0,0.025,0.0,0.005,0.0,0.0,0.03,0.005,0.0,0.0,0.04,0.0,0.03,0.0,0.01,0.0,0.0,0.005,0.0,0.0,0.0,0.01,0.0,0.06,0.0,0.0,0.015,0.005,0.005,0.05,0.0,0.0,0.0,0.01,0.005,0.005,0.0,0.0,0.015,0.01,0.03,0.0,0.005,0.005,0.0
Brussels,0.055,0.0,0.0,0.01,0.0,0.0,0.01,0.0,0.015,0.005,0.01,0.0,1.0,0.005,0.015,0.01,0.0,0.005,0.05,0.0,0.005,0.0,0.03,0.025,0.015,0.0,0.035,0.005,0.0,0.01,0.0,0.0,0.0,0.0,0.01,0.04,0.005,0.035,0.02,0.0,0.005,0.0,0.0,0.015,0.02,0.025,0.0,0.025,0.0,0.0,0.015,0.03,0.035,0.0,0.01,0.005,0.01,0.0,0.0,0.01,0.005,0.0,0.0,0.005,0.015,0.0,0.005,0.0,0.025,0.01,0.01,0.01,0.01,0.01,0.02
Bucharest,0.005,0.015,0.0,0.005,0.0,0.01,0.005,0.0,0.015,0.005,0.0,0.0,0.005,1.0,0.03,0.03,0.0,0.0,0.0,0.0,0.0,0.0,0.005,0.015,0.005,0.0,0.01,0.01,0.0,0.025,0.015,0.03,0.01,0.01,0.015,0.0,0.02,0.0,0.0,0.005,0.005,0.01,0.01,0.015,0.0,0.015,0.0,0.015,0.01,0.0,0.0,0.0,0.015,0.005,0.015,0.01,0.005,0.03,0.025,0.015,0.005,0.0,0.0,0.015,0.0,0.0,0.02,0.0,0.02,0.0,0.01,0.01,0.02,0.005,0.01
Budapest,0.01,0.005,0.0,0.005,0.0,0.0,0.02,0.0,0.025,0.0,0.005,0.0,0.015,0.03,1.0,0.025,0.0,0.005,0.01,0.005,0.0,0.0,0.005,0.025,0.005,0.0,0.015,0.005,0.0,0.015,0.0,0.02,0.005,0.005,0.01,0.0,0.015,0.015,0.01,0.0,0.01,0.005,0.005,0.01,0.005,0.02,0.0,0.035,0.005,0.0,0.005,0.01,0.02,0.01,0.055,0.02,0.005,0.005,0.01,0.01,0.0,0.0,0.0,0.005,0.01,0.0,0.005,0.0,0.01,0.0,0.01,0.025,0.025,0.005,0.02
Buenos Aires,0.005,0.02,0.015,0.0,0.0,0.01,0.04,0.0,0.005,0.015,0.005,0.005,0.01,0.03,0.025,1.0,0.0,0.01,0.0,0.01,0.01,0.0,0.0,0.005,0.005,0.0,0.005,0.01,0.005,0.02,0.01,0.03,0.01,0.03,0.01,0.01,0.015,0.005,0.025,0.005,0.015,0.06,0.005,0.015,0.01,0.01,0.0,0.005,0.01,0.0,0.015,0.005,0.025,0.005,0.01,0.025,0.015,0.05,0.06,0.03,0.01,0.0,0.0,0.01,0.005,0.0,0.025,0.0,0.02,0.01,0.01,0.005,0.01,0.005,0.005
Chengdu,0.0,0.0,0.0,0.0,0.0,0.0,0.0,0.07,0.0,0.0,0.0,0.0,0.0,0.0,0.0,0.0,1.0,0.0,0.0,0.0,0.0,0.0,0.0,0.0,0.0,0.125,0.0,0.01,0.0,0.0,0.0,0.0,0.005,0.0,0.0,0.0,0.0,0.0,0.0,0.0,0.0,0.0,0.0,0.0,0.0,0.0,0.0,0.0,0.0,0.0,0.0,0.0,0.0,0.0,0.0,0.0,0.0,0.0,0.0,0.0,0.0,0.16,0.165,0.0,0.0,0.015,0.0,0.06,0.005,0.0,0.0,0.0,0.0,0.0,0.0
Chicago,0.015,0.0,0.02,0.0,0.0,0.0,0.02,0.0,0.0,0.01,0.055,0.0,0.005,0.0,0.005,0.01,0.0,1.0,0.005,0.025,0.035,0.0,0.0,0.0,0.0,0.0,0.01,0.01,0.03,0.0,0.0,0.01,0.0,0.005,0.0,0.01,0.015,0.0,0.02,0.0,0.005,0.005,0.005,0.005,0.06,0.015,0.0,0.005,0.005,0.0,0.105,0.015,0.005,0.005,0.0,0.005,0.015,0.005,0.005,0.015,0.0,0.0,0.0,0.0,0.01,0.0,0.01,0.0,0.02,0.055,0.015,0.005,0.005,0.08,0.0
Copenhagen,0.03,0.0,0.0,0.02,0.0,0.0,0.0,0.0,0.015,0.005,0.005,0.0,0.05,0.0,0.01,0.0,0.0,0.005,1.0,0.0,0.005,0.0,0.025,0.01,0.0,0.0,0.035,0.0,0.0,0.005,0.0,0.005,0.0,0.0,0.0,0.005,0.005,0.01,0.0,0.0,0.01,0.0,0.0,0.0,0.015,0.015,0.0,0.015,0.0,0.0,0.005,0.07,0.0,0.01,0.01,0.0,0.005,0.0,0.0,0.005,0.005,0.0,0.0,0.0,0.04,0.0,0.0,0.0,0.02,0.005,0.01,0.015,0.005,0.005,0.01
Dallas,0.005,0.0,0.06,0.005,0.0,0.005,0.005,0.0,0.0,0.005,0.01,0.025,0.0,0.0,0.005,0.01,0.0,0.025,0.0,1.0,0.03,0.005,0.0,0.0,0.0,0.0,0.0,0.005,0.08,0.0,0.005,0.03,0.005,0.01,0.0,0.0,0.025,0.0,0.0,0.0,0.015,0.0,0.01,0.0,0.01,0.0,0.0,0.0,0.02,0.0,0.005,0.005,0.0,0.01,0.0,0.0,0.005,0.0,0.005,0.015,0.0,0.0,0.0,0.005,0.0,0.0,0.005,0.0,0.015,0.015,0.02,0.0,0.0,0.015,0.0
Denver,0.0,0.0,0.05,0.015,0.0,0.0,0.005,0.0,0.0,0.0,0.02,0.015,0.005,0.0,0.0,0.01,0.0,0.035,0.005,0.03,1.0,0.0,0.005,0.0,0.0,0.0,0.005,0.0,0.04,0.005,0.0,0.035,0.0,0.005,0.005,0.0,0.035,0.0,0.0,0.0,0.015,0.0,0.01,0.0,0.015,0.005,0.0,0.005,0.005,0.0,0.015,0.01,0.0,0.04,0.0,0.0,0.02,0.0,0.01,0.02,0.0,0.0,0.0,0.0,0.0,0.0,0.0,0.0,0.01,0.035,0.02,0.0,0.0,0.01,0.0
Dubai,0.0,0.005,0.0,0.0,0.0,0.01,0.0,0.0,0.0,0.025,0.0,0.0,0.0,0.0,0.0,0.0,0.0,0.0,0.0,0.005,0.0,1.0,0.0,0.0,0.0,0.0,0.0,0.015,0.005,0.015,0.0,0.005,0.0,0.025,0.005,0.0,0.01,0.005,0.0,0.0,0.0,0.01,0.0,0.0,0.0,0.0,0.0,0.0,0.01,0.0,0.0,0.0,0.0,0.0,0.0,0.0,0.01,0.005,0.0,0.0,0.005,0.0,0.0,0.0,0.0,0.005,0.025,0.0,0.015,0.0,0.0,0.0,0.0,0.0,0.0
Dublin,0.025,0.0,0.0,0.03,0.0,0.005,0.0,0.0,0.0,0.0,0.01,0.005,0.03,0.005,0.005,0.0,0.0,0.0,0.025,0.0,0.005,0.0,1.0,0.015,0.0,0.0,0.015,0.0,0.005,0.0,0.0,0.005,0.0,0.0,0.0,0.075,0.01,0.015,0.005,0.0,0.01,0.0,0.005,0.0,0.02,0.0,0.0,0.01,0.0,0.0,0.01,0.01,0.005,0.005,0.005,0.0,0.01,0.0,0.0,0.005,0.0,0.0,0.0,0.005,0.0,0.0,0.0,0.0,0.01,0.01,0.03,0.005,0.005,0.005,0.01
Frankfurt,0.01,0.0,0.0,0.005,0.0,0.0,0.01,0.0,0.05,0.0,0.0,0.0,0.025,0.015,0.025,0.005,0.0,0.0,0.01,0.0,0.0,0.0,0.015,1.0,0.005,0.0,0.02,0.005,0.0,0.015,0.0,0.005,0.0,0.0,0.015,0.005,0.01,0.045,0.01,0.0,0.005,0.0,0.01,0.015,0.0,0.02,0.0,0.095,0.0,0.0,0.005,0.02,0.015,0.0,0.04,0.005,0.01,0.0,0.0,0.005,0.0,0.0,0.0,0.015,0.025,0.005,0.005,0.0,0.03,0.0,0.015,0.05,0.035,0.005,0.04
Geneva,0.01,0.045,0.0,0.0,0.0,0.0,0.005,0.0,0.0,0.005,0.0,0.0,0.015,0.005,0.005,0.005,0.0,0.0,0.0,0.0,0.0,0.0,0.0,0.005,1.0,0.0,0.0,0.0,0.0,0.0,0.0,0.0,0.0,0.015,0.005,0.0,0.0,0.01,0.0,0.0,0.0,0.0,0.0,0.0,0.0,0.025,0.0,0.0,0.0,0.0,0.005,0.0,0.015,0.0,0.005,0.0,0.0,0.0,0.0,0.0,0.05,0.0,0.0,0.0,0.005,0.0,0.04,0.0,0.01,0.0,0.0,0.0,0.005,0.0,0.1
Guangzhou,0.0,0.0,0.0,0.0,0.0,0.005,0.0,0.08,0.0,0.0,0.0,0.0,0.0,0.0,0.0,0.0,0.125,0.0,0.0,0.0,0.0,0.0,0.0,0.0,0.0,1.0,0.0,0.01,0.0,0.0,0.0,0.0,0.0,0.0,0.0,0.0,0.0,0.0,0.0,0.0,0.0,0.0,0.0,0.0,0.0,0.0,0.0,0.0,0.0,0.0,0.0,0.0,0.0,0.0,0.0,0.0,0.0,0.0,0.0,0.0,0.005,0.125,0.09,0.005,0.0,0.01,0.0,0.06,0.005,0.0,0.0,0.0,0.0,0.0,0.0
Hamburg,0.05,0.0,0.0,0.005,0.0,0.005,0.01,0.0,0.045,0.005,0.01,0.0,0.035,0.01,0.015,0.005,0.0,0.01,0.035,0.0,0.005,0.0,0.015,0.02,0.0,0.0,1.0,0.0,0.0,0.005,0.0,0.005,0.0,0.0,0.0,0.02,0.005,0.005,0.015,0.0,0.005,0.0,0.005,0.005,0.015,0.02,0.0,0.035,0.0,0.0,0.025,0.025,0.01,0.0,0.005,0.0,0.005,0.0,0.0,0.01,0.0,0.0,0.0,0.01,0.025,0.005,0.0,0.0,0.015,0.015,0.015,0.01,0.01,0.015,0.01
Hong Kong,0.005,0.01,0.005,0.005,0.0,0.025,0.015,0.0,0.0,0.005,0.005,0.0,0.005,0.01,0.005,0.01,0.01,0.01,0.0,0.005,0.0,0.015,0.0,0.005,0.0,0.01,0.0,1.0,0.005,0.01,0.025,0.0,0.035,0.005,0.005,0.01,0.0,0.005,0.01,0.02,0.0,0.01,0.01,0.005,0.0,0.02,0.0,0.0,0.0,0.0,0.01,0.005,0.005,0.0,0.0,0.005,0.005,0.025,0.005,0.005,0.04,0.0,0.015,0.09,0.005,0.08,0.015,0.0,0.05,0.005,0.01,0.005,0.005,0.005,0.01
Houston,0.005,0.0,0.05,0.02,0.0,0.005,0.005,0.0,0.0,0.0,0.025,0.03,0.0,0.0,0.0,0.005,0.0,0.03,0.0,0.08,0.04,0.005,0.005,0.0,0.0,0.0,0.0,0.005,1.0,0.005,0.0,0.02,0.0,0.005,0.0,0.0,0.035,0.0,0.005,0.0,0.01,0.0,0.01,0.0,0.015,0.005,0.0,0.0,0.01,0.0,0.005,0.005,0.0,0.02,0.0,0.0,0.015,0.005,0.005,0.01,0.0,0.0,0.0,0.005,0.0,0.0,0.005,0.0,0.015,0.02,0.03,0.0,0.0,0.015,0.005
Istanbul,0.01,0.02,0.0,0.015,0.0,0.015,0.015,0.0,0.01,0.02,0.01,0.005,0.01,0.025,0.015,0.02,0.0,0.0,0.005,0.0,0.005,0.015,0.0,0.015,0.0,0.0,0.005,0.01,0.005,1.0,0.005,0.01,0.01,0.02,0.04,0.0,0.03,0.01,0.01,0.01,0.005,0.01,0.025,0.02,0.005,0.03,0.0,0.01,0.0,0.0,0.01,0.005,0.01,0.01,0.02,0.015,0.03,0.02,0.005,0.005,0.005,0.0,0.0,0.015,0.015,0.005,0.025,0.0,0.03,0.005,0.005,0.015,0.025,0.005,0.01
Jakarta,0.0,0.01,0.0,0.005,0.0,0.135,0.0,0.0,0.0,0.005,0.0,0.0,0.0,0.015,0.0,0.01,0.0,0.0,0.0,0.005,0.0,0.0,0.0,0.0,0.0,0.0,0.0,0.025,0.0,0.005,1.0,0.005,0.065,0.01,0.0,0.0,0.0,0.0,0.0,0.125,0.0,0.03,0.0,0.0,0.0,0.0,0.0,0.0,0.015,0.0,0.0,0.0,0.0,0.0,0.0,0.005,0.0,0.055,0.01,0.0,0.005,0.0,0.0,0.045,0.0,0.025,0.005,0.0,0.005,0.0,0.01,0.0,0.0,0.0,0.0
Johannesburg,0.005,0.0,0.015,0.015,0.0,0.005,0.015,0.0,0.0,0.015,0.0,0.025,0.0,0.03,0.02,0.03,0.0,0.01,0.005,0.03,0.035,0.005,0.005,0.005,0.0,0.0,0.005,0.0,0.02,0.01,0.005,1.0,0.005,0.005,0.01,0.0,0.055,0.005,0.01,0.0,0.025,0.01,0.025,0.015,0.005,0.0,0.0,0.005,0.065,0.0,0.015,0.005,0.0,0.085,0.01,0.03,0.01,0.01,0.035,0.03,0.0,0.0,0.0,0.005,0.005,0.0,0.01,0.0,0.01,0.0,0.01,0.005,0.005,0.01,0.0
Kuala Lumpur,0.0,0.005,0.005,0.01,0.0,0.07,0.005,0.0,0.0,0.015,0.0,0.0,0.0,0.01,0.005,0.01,0.005,0.0,0.0,0.005,0.0,0.0,0.0,0.0,0.0,0.0,0.0,0.035,0.0,0.01,0.065,0.005,1.0,0.015,0.0,0.0,0.005,0.0,0.0,0.045,0.0,0.01,0.01,0.0,0.0,0.0,0.0,0.0,0.015,0.0,0.0,0.0,0.0,0.0,0.0,0.005,0.0,0.04,0.015,0.005,0.01,0.0,0.0,0.07,0.0,0.035,0.01,0.0,0.01,0.0,0.005,0.0,0.0,0.0,0.01
Lima,0.0,0.025,0.0,0.0,0.0,0.01,0.005,0.0,0.0,0.105,0.0,0.005,0.0,0.01,0.005,0.03,0.0,0.005,0.0,0.01,0.005,0.025,0.0,0.0,0.015,0.0,0.0,0.005,0.005,0.02,0.01,0.005,0.015,1.0,0.005,0.005,0.01,0.005,0.005,0.015,0.005,0.035,0.005,0.005,0.005,0.01,0.0,0.0,0.055,0.0,0.005,0.0,0.005,0.005,0.005,0.005,0.015,0.035,0.03,0.005,0.01,0.0,0.0,0.01,0.0,0.01,0.03,0.0,0.015,0.005,0.0,0.0,0.005,0.0,0.015
Lisbon,0.005,0.015,0.0,0.01,0.0,0.005,0.015,0.0,0.01,0.005,0.0,0.0,0.01,0.015,0.01,0.01,0.0,0.0,0.0,0.0,0.005,0.005,0.0,0.015,0.005,0.0,0.0,0.005,0.0,0.04,0.0,0.01,0.0,0.005,1.0,0.0,0.035,0.005,0.015,0.0,0.005,0.005,0.025,0.025,0.0,0.015,0.0,0.01,0.0,0.0,0.005,0.0,0.02,0.015,0.02,0.015,0.025,0.02,0.005,0.005,0.0,0.0,0.0,0.005,0.01,0.0,0.02,0.0,0.04,0.0,0.0,0.025,0.015,0.0,0.01
London,0.035,0.0,0.005,0.0,0.0,0.0,0.005,0.0,0.005,0.005,0.005,0.0,0.04,0.0,0.0,0.01,0.0,0.01,0.005,0.0,0.0,0.0,0.075,0.005,0.0,0.0,0.02,0.01,0.0,0.0,0.0,0.0,0.0,0.005,0.0,1.0,0.0,0.005,0.01,0.0,0.005,0.0,0.0,0.005,0.02,0.01,0.0,0.0,0.01,0.0,0.02,0.005,0.015,0.0,0.0,0.005,0.005,0.0,0.0,0.005,0.005,0.0,0.0,0.0,0.005,0.0,0.0,0.0,0.015,0.015,0.005,0.0,0.0,0.015,0.0
Los Angeles,0.005,0.005,0.01,0.025,0.0,0.005,0.015,0.0,0.0,0.005,0.01,0.03,0.005,0.02,0.015,0.015,0.0,0.015,0.005,0.025,0.035,0.01,0.01,0.01,0.0,0.0,0.005,0.0,0.035,0.03,0.0,0.055,0.005,0.01,0.035,0.0,1.0,0.005,0.01,0.0,0.025,0.01,0.065,0.015,0.005,0.005,0.0,0.0,0.005,0.0,0.01,0.005,0.01,0.05,0.01,0.015,0.05,0.015,0.02,0.03,0.0,0.0,0.0,0.005,0.005,0.0,0.025,0.0,0.025,0.01,0.025,0.015,0.01,0.01,0.005
Luxembourg,0.01,0.005,0.0,0.015,0.0,0.0,0.0,0.0,0.015,0.0,0.0,0.005,0.035,0.0,0.015,0.005,0.0,0.0,0.01,0.0,0.0,0.005,0.015,0.045,0.01,0.0,0.005,0.005,0.0,0.01,0.0,0.005,0.0,0.005,0.005,0.005,0.005,1.0,0.0,0.0,0.0,0.0,0.005,0.005,0.0,0.01,0.0,0.025,0.0,0.0,0.0,0.015,0.005,0.005,0.02,0.0,0.02,0.0,0.0,0.0,0.0,0.0,0.0,0.005,0.015,0.0,0.005,0.0,0.025,0.0,0.015,0.025,0.005,0.005,0.02
Madrid,0.01,0.0,0.005,0.005,0.0,0.0,0.08,0.0,0.015,0.025,0.005,0.0,0.02,0.0,0.01,0.025,0.0,0.02,0.0,0.0,0.0,0.0,0.005,0.01,0.0,0.0,0.015,0.01,0.005,0.01,0.0,0.01,0.0,0.005,0.015,0.01,0.01,0.0,1.0,0.0,0.0,0.005,0.005,0.015,0.01,0.015,0.0,0.005,0.005,0.0,0.025,0.01,0.01,0.005,0.005,0.02,0.01,0.005,0.005,0.01,0.0,0.0,0.0,0.005,0.02,0.005,0.005,0.0,0.025,0.0,0.0,0.0,0.005,0.01,0.0
Manila,0.0,0.01,0.0,0.0,0.0,0.135,0.0,0.0,0.0,0.0,0.0,0.0,0.0,0.005,0.0,0.005,0.0,0.0,0.0,0.0,0.0,0.0,0.0,0.0,0.0,0.0,0.0,0.02,0.0,0.01,0.125,0.0,0.045,0.015,0.0,0.0,0.0,0.0,0.0,1.0,0.0,0.03,0.005,0.0,0.0,0.0,0.0,0.0,0.02,0.0,0.005,0.0,0.0,0.0,0.0,0.0,0.0,0.05,0.015,0.0,0.015,0.0,0.0,0.01,0.0,0.02,0.005,0.0,0.01,0.0,0.0,0.0,0.0,0.0,0.0
Melbourne,0.005,0.0,0.01,0.045,0.0,0.005,0.0,0.0,0.0,0.01,0.005,0.04,0.005,0.005,0.01,0.015,0.0,0.005,0.01,0.015,0.015,0.0,0.01,0.005,0.0,0.0,0.005,0.0,0.01,0.005,0.0,0.025,0.0,0.005,0.005,0.005,0.025,0.0,0.0,0.0,1.0,0.0,0.01,0.0,0.015,0.0,0.0,0.005,0.0,0.0,0.005,0.005,0.0,0.05,0.005,0.0,0.015,0.005,0.01,0.06,0.0,0.0,0.0,0.005,0.0,0.0,0.0,0.0,0.015,0.015,0.025,0.005,0.0,0.005,0.0
Mexico City,0.0,0.0,0.0,0.0,0.0,0.02,0.01,0.0,0.0,0.035,0.0,0.0,0.0,0.01,0.005,0.06,0.0,0.005,0.0,0.0,0.0,0.01,0.0,0.0,0.0,0.0,0.0,0.01,0.0,0.01,0.03,0.01,0.01,0.035,0.005,0.0,0.01,0.0,0.005,0.03,0.0,1.0,0.005,0.005,0.0,0.005,0.0,0.0,0.015,0.0,0.005,0.0,0.005,0.0,0.0,0.005,0.0,0.095,0.045,0.005,0.0,0.0,0.0,0.015,0.0,0.005,0.01,0.0,0.015,0.0,0.0,0.0,0.0,0.0,0.0
Miami,0.005,0.005,0.015,0.02,0.0,0.01,0.01,0.0,0.0,0.005,0.0,0.03,0.0,0.01,0.005,0.005,0.0,0.005,0.0,0.01,0.01,0.0,0.005,0.01,0.0,0.0,0.005,0.01,0.01,0.025,0.0,0.025,0.01,0.005,0.025,0.0,0.065,0.005,0.005,0.005,0.01,0.005,1.0,0.005,0.0,0.005,0.0,0.015,0.0,0.0,0.0,0.005,0.0,0.04,0.01,0.005,0.02,0.015,0.005,0.015,0.0,0.0,0.0,0.03,0.01,0.005,0.005,0.0,0.025,0.0,0.015,0.01,0.005,0.005,0.01
Milan,0.01,0.005,0.0,0.005,0.0,0.005,0.035,0.0,0.005,0.01,0.0,0.0,0.015,0.015,0.01,0.015,0.0,0.005,0.0,0.0,0.0,0.0,0.0,0.015,0.0,0.0,0.005,0.005,0.0,0.02,0.0,0.015,0.0,0.005,0.025,0.005,0.015,0.005,0.015,0.0,0.0,0.005,0.005,1.0,0.005,0.015,0.0,0.005,0.0,0.0,0.015,0.005,0.03,0.005,0.01,0.045,0.015,0.01,0.005,0.01,0.0,0.0,0.0,0.005,0.01,0.005,0.005,0.0,0.025,0.0,0.0,0.01,0.005,0.005,0.015
Montreal,0.025,0.0,0.015,0.015,0.0,0.0,0.01,0.0,0.005,0.01,0.02,0.01,0.02,0.0,0.005,0.01,0.0,0.06,0.015,0.01,0.015,0.0,0.02,0.0,0.0,0.0,0.015,0.0,0.015,0.005,0.0,0.005,0.0,0.005,0.0,0.02,0.005,0.0,0.01,0.0,0.015,0.0,0.0,0.005,1.0,0.01,0.0,0.0,0.0,0.0,0.05,0.01,0.005,0.0,0.0,0.0,0.005,0.0,0.0,0.02,0.0,0.0,0.0,0.0,0.005,0.0,0.0,0.0,0.01,0.075,0.015,0.0,0.0,0.045,0.0
Moscow,0.02,0.01,0.005,0.01,0.0,0.005,0.015,0.0,0.03,0.005,0.01,0.0,0.025,0.015,0.02,0.01,0.0,0.015,0.015,0.0,0.005,0.0,0.0,0.02,0.025,0.0,0.02,0.02,0.005,0.03,0.0,0.0,0.0,0.01,0.015,0.01,0.005,0.01,0.015,0.0,0.0,0.005,0.005,0.015,0.01,1.0,0.0,0.02,0.0,0.0,0.025,0.015,0.03,0.0,0.02,0.005,0.015,0.005,0.005,0.005,0.02,0.0,0.0,0.015,0.02,0.01,0.02,0.0,0.035,0.005,0.01,0.03,0.025,0.015,0.02
Mumbai,0.0,0.0,0.0,0.0,0.17,0.0,0.0,0.0,0.0,0.0,0.0,0.0,0.0,0.0,0.0,0.0,0.0,0.0,0.0,0.0,0.0,0.0,0.0,0.0,0.0,0.0,0.0,0.0,0.0,0.0,0.0,0.0,0.0,0.0,0.0,0.0,0.0,0.0,0.0,0.0,0.0,0.0,0.0,0.0,0.0,0.0,1.0,0.0,0.0,0.23,0.0,0.0,0.0,0.0,0.0,0.0,0.0,0.0,0.0,0.0,0.0,0.0,0.0,0.0,0.0,0.0,0.0,0.0,0.0,0.0,0.0,0.0,0.0,0.0,0.0
Munich,0.01,0.0,0.0,0.005,0.0,0.0,0.005,0.0,0.07,0.0,0.005,0.005,0.025,0.015,0.035,0.005,0.0,0.005,0.015,0.0,0.005,0.0,0.01,0.095,0.0,0.0,0.035,0.0,0.0,0.01,0.0,0.005,0.0,0.0,0.01,0.0,0.0,0.025,0.005,0.0,0.005,0.0,0.015,0.005,0.0,0.02,0.0,1.0,0.0,0.0,0.0,0.035,0.01,0.005,0.025,0.0,0.005,0.0,0.0,0.01,0.0,0.0,0.0,0.02,0.05,0.0,0.005,0.0,0.015,0.0,0.02,0.065,0.025,0.0,0.04
Nairobi,0.0,0.0,0.0,0.0,0.0,0.02,0.01,0.0,0.0,0.015,0.0,0.0,0.0,0.01,0.005,0.01,0.0,0.005,0.0,0.02,0.005,0.01,0.0,0.0,0.0,0.0,0.0,0.0,0.01,0.0,0.015,0.065,0.015,0.055,0.0,0.01,0.005,0.0,0.005,0.02,0.0,0.015,0.0,0.0,0.0,0.0,0.0,0.0,1.0,0.0,0.0,0.0,0.0,0.005,0.005,0.01,0.0,0.015,0.02,0.0,0.0,0.0,0.0,0.0,0.0,0.0,0.01,0.0,0.005,0.0,0.0,0.0,0.0,0.005,0.0
New Delhi,0.0,0.0,0.0,0.0,0.195,0.0,0.0,0.0,0.0,0.0,0.0,0.0,0.0,0.0,0.0,0.0,0.0,0.0,0.0,0.0,0.0,0.0,0.0,0.0,0.0,0.0,0.0,0.0,0.0,0.0,0.0,0.0,0.0,0.0,0.0,0.0,0.0,0.0,0.0,0.0,0.0,0.0,0.0,0.0,0.0,0.0,0.23,0.0,0.0,1.0,0.0,0.0,0.0,0.0,0.0,0.0,0.0,0.0,0.0,0.0,0.0,0.0,0.0,0.0,0.0,0.0,0.0,0.0,0.0,0.0,0.0,0.0,0.0,0.0,0.0
New York,0.025,0.0,0.015,0.005,0.0,0.0,0.02,0.0,0.005,0.015,0.09,0.0,0.015,0.0,0.005,0.015,0.0,0.105,0.005,0.005,0.015,0.0,0.01,0.005,0.005,0.0,0.025,0.01,0.005,0.01,0.0,0.015,0.0,0.005,0.005,0.02,0.01,0.0,0.025,0.005,0.005,0.005,0.0,0.015,0.05,0.025,0.0,0.0,0.0,0.0,1.0,0.015,0.01,0.005,0.0,0.005,0.025,0.01,0.005,0.015,0.01,0.0,0.0,0.0,0.01,0.01,0.01,0.0,0.025,0.045,0.005,0.0,0.005,0.05,0.005
Oslo,0.02,0.0,0.005,0.03,0.0,0.0,0.005,0.0,0.02,0.005,0.015,0.01,0.03,0.0,0.01,0.005,0.0,0.015,0.07,0.005,0.01,0.0,0.01,0.02,0.0,0.0,0.025,0.005,0.005,0.005,0.0,0.005,0.0,0.0,0.0,0.005,0.005,0.015,0.01,0.0,0.005,0.0,0.005,0.005,0.01,0.015,0.0,0.035,0.0,0.0,0.015,1.0,0.0,0.005,0.01,0.0,0.005,0.0,0.0,0.01,0.005,0.0,0.0,0.005,0.095,0.0,0.0,0.0,0.025,0.01,0.015,0.02,0.01,0.01,0.015
Paris,0.005,0.015,0.0,0.0,0.0,0.0,0.025,0.0,0.025,0.005,0.0,0.0,0.035,0.015,0.02,0.025,0.0,0.005,0.0,0.0,0.0,0.0,0.005,0.015,0.015,0.0,0.01,0.005,0.0,0.01,0.0,0.0,0.0,0.005,0.02,0.015,0.01,0.005,0.01,0.0,0.0,0.005,0.0,0.03,0.005,0.03,0.0,0.01,0.0,0.0,0.01,0.0,1.0,0.0,0.01,0.015,0.01,0.01,0.0,0.01,0.005,0.0,0.0,0.01,0.01,0.0,0.015,0.0,0.035,0.0,0.005,0.03,0.005,0.0,0.015
Perth,0.0,0.0,0.015,0.04,0.0,0.005,0.0,0.0,0.0,0.0,0.01,0.06,0.0,0.005,0.01,0.005,0.0,0.005,0.01,0.01,0.04,0.0,0.005,0.0,0.0,0.0,0.0,0.0,0.02,0.01,0.0,0.085,0.0,0.005,0.015,0.0,0.05,0.005,0.005,0.0,0.05,0.0,0.04,0.005,0.0,0.0,0.0,0.005,0.005,0.0,0.005,0.005,0.0,1.0,0.01,0.005,0.02,0.0,0.01,0.05,0.0,0.0,0.0,0.005,0.0,0.0,0.005,0.0,0.01,0.01,0.005,0.005,0.005,0.005,0.0
Prague,0.01,0.005,0.0,0.005,0.0,0.0,0.005,0.0,0.035,0.005,0.0,0.0,0.01,0.015,0.055,0.01,0.0,0.0,0.01,0.0,0.0,0.0,0.005,0.04,0.005,0.0,0.005,0.0,0.0,0.02,0.0,0.01,0.0,0.005,0.02,0.0,0.01,0.02,0.005,0.0,0.005,0.0,0.01,0.01,0.0,0.02,0.0,0.025,0.005,0.0,0.0,0.01,0.01,0.01,1.0,0.01,0.005,0.005,0.005,0.005,0.0,0.0,0.0,0.005,0.02,0.0,0.005,0.0,0.015,0.0,0.005,0.035,0.025,0.0,0.025
Rome,0.0,0.015,0.0,0.0,0.0,0.005,0.06,0.0,0.0,0.005,0.0,0.0,0.005,0.01,0.02,0.025,0.0,0.005,0.0,0.0,0.0,0.0,0.0,0.005,0.0,0.0,0.0,0.005,0.0,0.015,0.005,0.03,0.005,0.005,0.015,0.005,0.015,0.0,0.02,0.0,0.0,0.005,0.005,0.045,0.0,0.005,0.0,0.0,0.01,0.0,0.005,0.0,0.015,0.005,0.01,1.0,0.005,0.015,0.01,0.005,0.0,0.0,0.0,0.005,0.01,0.0,0.02,0.0,0.01,0.0,0.0,0.0,0.0,0.005,0.005
San Francisco,0.01,0.01,0.005,0.03,0.0,0.005,0.005,0.0,0.0,0.005,0.035,0.015,0.01,0.005,0.005,0.015,0.0,0.015,0.005,0.005,0.02,0.01,0.01,0.01,0.0,0.0,0.005,0.005,0.015,0.03,0.0,0.01,0.0,0.015,0.025,0.005,0.05,0.02,0.01,0.0,0.015,0.0,0.02,0.015,0.005,0.015,0.0,0.005,0.0,0.0,0.025,0.005,0.01,0.02,0.005,0.005,1.0,0.01,0.005,0.02,0.0,0.0,0.0,0.005,0.01,0.005,0.015,0.0,0.035,0.01,0.02,0.02,0.01,0.01,0.01
Sao Paulo,0.0,0.01,0.005,0.005,0.0,0.05,0.015,0.0,0.0,0.02,0.0,0.005,0.0,0.03,0.005,0.05,0.0,0.005,0.0,0.0,0.0,0.005,0.0,0.0,0.0,0.0,0.0,0.025,0.005,0.02,0.055,0.01,0.04,0.035,0.02,0.0,0.015,0.0,0.005,0.05,0.005,0.095,0.015,0.01,0.0,0.005,0.0,0.0,0.015,0.0,0.01,0.0,0.01,0.0,0.005,0.015,0.01,1.0,0.04,0.015,0.005,0.0,0.005,0.03,0.0,0.015,0.03,0.0,0.02,0.0,0.005,0.005,0.005,0.0,0.005
Santiago,0.0,0.005,0.005,0.005,0.0,0.02,0.01,0.0,0.0,0.01,0.0,0.005,0.0,0.025,0.01,0.06,0.0,0.005,0.0,0.005,0.01,0.0,0.0,0.0,0.0,0.0,0.0,0.005,0.005,0.005,0.01,0.035,0.015,0.03,0.005,0.0,0.02,0.0,0.005,0.015,0.01,0.045,0.005,0.005,0.0,0.005,0.0,0.0,0.02,0.0,0.005,0.0,0.0,0.01,0.005,0.01,0.005,0.04,1.0,0.01,0.01,0.0,0.0,0.005,0.0,0.0,0.02,0.0,0.01,0.0,0.0,0.0,0.0,0.0,0.005
Sydney,0.01,0.005,0.01,0.03,0.0,0.005,0.01,0.0,0.0,0.005,0.005,0.05,0.01,0.015,0.01,0.03,0.0,0.015,0.005,0.015,0.02,0.0,0.005,0.005,0.0,0.0,0.01,0.005,0.01,0.005,0.0,0.03,0.005,0.005,0.005,0.005,0.03,0.0,0.01,0.0,0.06,0.005,0.015,0.01,0.02,0.005,0.0,0.01,0.0,0.0,0.015,0.01,0.01,0.05,0.005,0.005,0.02,0.015,0.01,1.0,0.005,0.0,0.0,0.02,0.01,0.0,0.0,0.0,0.035,0.025,0.03,0.005,0.005,0.015,0.01
Seoul,0.005,0.02,0.0,0.005,0.0,0.01,0.005,0.0,0.0,0.01,0.005,0.0,0.005,0.005,0.0,0.01,0.0,0.0,0.005,0.0,0.0,0.005,0.0,0.0,0.05,0.005,0.0,0.04,0.0,0.005,0.005,0.0,0.01,0.01,0.0,0.005,0.0,0.0,0.0,0.015,0.0,0.0,0.0,0.0,0.0,0.02,0.0,0.0,0.0,0.0,0.01,0.005,0.005,0.0,0.0,0.0,0.0,0.005,0.01,0.005,1.0,0.0,0.005,0.005,0.0,0.015,0.03,0.0,0.015,0.005,0.0,0.0,0.005,0.0,0.01
Shanghai,0.0,0.0,0.0,0.0,0.0,0.005,0.0,0.135,0.0,0.0,0.0,0.0,0.0,0.0,0.0,0.0,0.16,0.0,0.0,0.0,0.0,0.0,0.0,0.0,0.0,0.125,0.0,0.0,0.0,0.0,0.0,0.0,0.0,0.0,0.0,0.0,0.0,0.0,0.0,0.0,0.0,0.0,0.0,0.0,0.0,0.0,0.0,0.0,0.0,0.0,0.0,0.0,0.0,0.0,0.0,0.0,0.0,0.0,0.0,0.0,0.0,1.0,0.115,0.0,0.0,0.01,0.0,0.105,0.0,0.0,0.0,0.0,0.0,0.0,0.0
Shenzhen,0.0,0.0,0.0,0.0,0.0,0.005,0.0,0.05,0.0,0.0,0.0,0.0,0.0,0.0,0.0,0.0,0.165,0.0,0.0,0.0,0.0,0.0,0.0,0.0,0.0,0.09,0.0,0.015,0.0,0.0,0.0,0.0,0.0,0.0,0.0,0.0,0.0,0.0,0.0,0.0,0.0,0.0,0.0,0.0,0.0,0.0,0.0,0.0,0.0,0.0,0.0,0.0,0.0,0.0,0.0,0.0,0.0,0.005,0.0,0.0,0.005,0.115,1.0,0.01,0.0,0.015,0.0,0.02,0.005,0.0,0.0,0.0,0.0,0.0,0.0
Singapore,0.01,0.01,0.005,0.015,0.0,0.04,0.005,0.0,0.005,0.01,0.0,0.01,0.005,0.015,0.005,0.01,0.0,0.0,0.0,0.005,0.0,0.0,0.005,0.015,0.0,0.005,0.01,0.09,0.005,0.015,0.045,0.005,0.07,0.01,0.005,0.0,0.005,0.005,0.005,0.01,0.005,0.015,0.03,0.005,0.0,0.015,0.0,0.02,0.0,0.0,0.0,0.005,0.01,0.005,0.005,0.005,0.005,0.03,0.005,0.02,0.005,0.0,0.01,1.0,0.005,0.035,0.01,0.0,0.03,0.005,0.02,0.005,0.015,0.005,0.015
Stockholm,0.015,0.005,0.005,0.01,0.0,0.0,0.01,0.0,0.03,0.0,0.01,0.005,0.015,0.0,0.01,0.005,0.0,0.01,0.04,0.0,0.0,0.0,0.0,0.025,0.005,0.0,0.025,0.005,0.0,0.015,0.0,0.005,0.0,0.0,0.01,0.005,0.005,0.015,0.02,0.0,0.0,0.0,0.01,0.01,0.005,0.02,0.0,0.05,0.0,0.0,0.01,0.095,0.01,0.0,0.02,0.01,0.01,0.0,0.0,0.01,0.0,0.0,0.0,0.005,1.0,0.0,0.005,0.0,0.02,0.0,0.01,0.015,0.01,0.01,0.015
Taipei,0.005,0.0,0.0,0.005,0.0,0.055,0.005,0.005,0.005,0.0,0.0,0.005,0.0,0.0,0.0,0.0,0.015,0.0,0.0,0.0,0.0,0.005,0.0,0.005,0.0,0.01,0.005,0.08,0.0,0.005,0.025,0.0,0.035,0.01,0.0,0.0,0.0,0.0,0.005,0.02,0.0,0.005,0.005,0.005,0.0,0.01,0.0,0.0,0.0,0.0,0.01,0.0,0.0,0.0,0.0,0.0,0.005,0.015,0.0,0.0,0.015,0.01,0.015,0.035,0.0,1.0,0.005,0.0,0.015,0.005,0.005,0.0,0.005,0.0,0.0
Tel Aviv,0.0,0.065,0.005,0.0,0.0,0.005,0.015,0.0,0.005,0.005,0.0,0.0,0.005,0.02,0.005,0.025,0.0,0.01,0.0,0.005,0.0,0.025,0.0,0.005,0.04,0.0,0.0,0.015,0.005,0.025,0.005,0.01,0.01,0.03,0.02,0.0,0.025,0.005,0.005,0.005,0.0,0.01,0.005,0.005,0.0,0.02,0.0,0.005,0.01,0.0,0.01,0.0,0.015,0.005,0.005,0.02,0.015,0.03,0.02,0.0,0.03,0.0,0.0,0.01,0.005,0.005,1.0,0.0,0.025,0.0,0.0,0.0,0.005,0.005,0.015
Tianjin,0.0,0.0,0.0,0.0,0.0,0.0,0.0,0.2,0.0,0.0,0.0,0.0,0.0,0.0,0.0,0.0,0.06,0.0,0.0,0.0,0.0,0.0,0.0,0.0,0.0,0.06,0.0,0.0,0.0,0.0,0.0,0.0,0.0,0.0,0.0,0.0,0.0,0.0,0.0,0.0,0.0,0.0,0.0,0.0,0.0,0.0,0.0,0.0,0.0,0.0,0.0,0.0,0.0,0.0,0.0,0.0,0.0,0.0,0.0,0.0,0.0,0.105,0.02,0.0,0.0,0.0,0.0,1.0,0.0,0.0,0.0,0.0,0.0,0.0,0.0
Tokyo,0.035,0.02,0.02,0.025,0.0,0.015,0.04,0.005,0.015,0.005,0.015,0.015,0.025,0.02,0.01,0.02,0.005,0.02,0.02,0.015,0.01,0.015,0.01,0.03,0.01,0.005,0.015,0.05,0.015,0.03,0.005,0.01,0.01,0.015,0.04,0.015,0.025,0.025,0.025,0.01,0.015,0.015,0.025,0.025,0.01,0.035,0.0,0.015,0.005,0.0,0.025,0.025,0.035,0.01,0.015,0.01,0.035,0.02,0.01,0.035,0.015,0.0,0.005,0.03,0.02,0.015,0.025,0.0,1.0,0.015,0.025,0.025,0.03,0.01,0.035
Toronto,0.01,0.0,0.02,0.01,0.0,0.0,0.0,0.0,0.0,0.005,0.025,0.01,0.01,0.0,0.0,0.01,0.0,0.055,0.005,0.015,0.035,0.0,0.01,0.0,0.0,0.0,0.015,0.005,0.02,0.005,0.0,0.0,0.0,0.005,0.0,0.015,0.01,0.0,0.0,0.0,0.015,0.0,0.0,0.0,0.075,0.005,0.0,0.0,0.0,0.0,0.045,0.01,0.0,0.01,0.0,0.0,0.01,0.0,0.0,0.025,0.005,0.0,0.0,0.005,0.0,0.005,0.0,0.0,0.015,1.0,0.045,0.0,0.0,0.04,0.005
Vancouver,0.02,0.0,0.01,0.045,0.0,0.005,0.0,0.0,0.0,0.0,0.035,0.03,0.01,0.01,0.01,0.01,0.0,0.015,0.01,0.02,0.02,0.0,0.03,0.015,0.0,0.0,0.015,0.01,0.03,0.005,0.01,0.01,0.005,0.0,0.0,0.005,0.025,0.015,0.0,0.0,0.025,0.0,0.015,0.0,0.015,0.01,0.0,0.02,0.0,0.0,0.005,0.015,0.005,0.005,0.005,0.0,0.02,0.005,0.0,0.03,0.0,0.0,0.0,0.02,0.01,0.005,0.0,0.0,0.025,0.045,1.0,0.01,0.01,0.015,0.02
Vienna,0.01,0.005,0.0,0.01,0.0,0.0,0.005,0.0,0.035,0.0,0.005,0.0,0.01,0.01,0.025,0.005,0.0,0.005,0.015,0.0,0.0,0.0,0.005,0.05,0.0,0.0,0.01,0.005,0.0,0.015,0.0,0.005,0.0,0.0,0.025,0.0,0.015,0.025,0.0,0.0,0.005,0.0,0.01,0.01,0.0,0.03,0.0,0.065,0.0,0.0,0.0,0.02,0.03,0.005,0.035,0.0,0.02,0.005,0.0,0.005,0.0,0.0,0.0,0.005,0.015,0.0,0.0,0.0,0.025,0.0,0.01,1.0,0.02,0.0,0.035
Warsaw,0.005,0.005,0.0,0.005,0.0,0.005,0.005,0.0,0.03,0.005,0.005,0.005,0.01,0.02,0.025,0.01,0.0,0.005,0.005,0.0,0.0,0.0,0.005,0.035,0.005,0.0,0.01,0.005,0.0,0.025,0.0,0.005,0.0,0.005,0.015,0.0,0.01,0.005,0.005,0.0,0.0,0.0,0.005,0.005,0.0,0.025,0.0,0.025,0.0,0.0,0.005,0.01,0.005,0.005,0.025,0.0,0.01,0.005,0.0,0.005,0.005,0.0,0.0,0.015,0.01,0.005,0.005,0.0,0.03,0.0,0.01,0.02,1.0,0.0,0.015
Washington,0.015,0.0,0.025,0.005,0.0,0.005,0.005,0.0,0.005,0.01,0.05,0.005,0.01,0.005,0.005,0.005,0.0,0.08,0.005,0.015,0.01,0.0,0.005,0.005,0.0,0.0,0.015,0.005,0.015,0.005,0.0,0.01,0.0,0.0,0.0,0.015,0.01,0.005,0.01,0.0,0.005,0.0,0.005,0.005,0.045,0.015,0.0,0.0,0.005,0.0,0.05,0.01,0.0,0.005,0.0,0.005,0.01,0.0,0.0,0.015,0.0,0.0,0.0,0.005,0.01,0.0,0.005,0.0,0.01,0.04,0.015,0.0,0.0,1.0,0.0
Zurich,0.015,0.02,0.0,0.01,0.0,0.0,0.01,0.0,0.01,0.005,0.005,0.0,0.02,0.01,0.02,0.005,0.0,0.0,0.01,0.0,0.0,0.0,0.01,0.04,0.1,0.0,0.01,0.01,0.005,0.01,0.0,0.0,0.01,0.015,0.01,0.0,0.005,0.02,0.0,0.0,0.0,0.0,0.01,0.015,0.0,0.02,0.0,0.04,0.0,0.0,0.005,0.015,0.015,0.0,0.025,0.005,0.01,0.005,0.005,0.01,0.01,0.0,0.0,0.015,0.015,0.0,0.015,0.0,0.035,0.005,0.02,0.035,0.015,0.0,1.0
